{
  "Subject_ID": 24380315.5,
  "性别": 1.0,
  "年龄": 23.5,
  "学历": 3.0,
  "n_peaks_ECG": 1603.5,
  "Mean_RR_ms_ECG": 698.4721,
  "SDNN_ms_ECG": 69.07855,
  "RMSSD_ms_ECG": 65.22425,
  "pNN50_pct_ECG": 16.96985,
  "HR_Mean_ECG": 86.4766,
  "HR_Std_ECG": 9.639,
  "HR_Change_Rate_ECG": 0.11125,
  "Arm_MAV": 84.35445,
  "Arm_MDF": 99.61,
  "Arm_MPF": 114.18335,
  "Arm_RMS": 127.61019999999999,
  "Arm_iEMG": 92971514.0,
  "Arm_Max_Amp": 1987.65,
  "Neck_MAV": 36.1919,
  "Neck_MDF": 99.61,
  "Neck_MPF": 118.08165,
  "Neck_RMS": 54.87565,
  "Neck_iEMG": 38436640.0,
  "Neck_Max_Amp": 1514.99305,
  "duration_sec_Eye": 160.5565,
  "sampling_rate_est_Eye": 90.9091,
  "blink_count_Eye": 9.4,
  "short_blink_count_Eye": 0.4,
  "blink_rate_Hz_Eye": 3.6951,
  "blink_dur_ms_Eye": 149.28045,
  "fixation_count_Eye": 430.1707,
  "fixation_rate_Hz_Eye": 160.0742,
  "avg_fixation_dur_ms_Eye": 226.06295,
  "saccade_count_Eye": 385.20000000000005,
  "saccade_rate_Hz_Eye": 141.51065,
  "avg_saccade_amp_deg_Eye": 5.057650000000001,
  "avg_saccade_vel_deg_s_Eye": 104.19495,
  "avg_pupil_L_Eye": 4681.4671,
  "avg_pupil_R_Eye": 4517.20705,
  "gaze_yaw_std_Eye": 47.15985,
  "gaze_pitch_std_Eye": 14.100999999999999,
  "Shooting_TotalScore_Score": 1806.5,
  "Shooting_Accuracy_Score": 0.93,
  "Shooting_AvgScore_Score": 20.215,
  "Task4_BallAndRing_Score": 2264.5,
  "Task4_NumberLine_Score": 350.0,
  "Task4_Total_Score": 2572.68645,
  "Task4_Accuracy_Score": 0.75,
  "Game5_TotalScore_Score": 1070.0,
  "Game5_LifeSum_Score": 266.5,
  "神经质": 16.0,
  "尽责性": 39.0,
  "宜人性": 39.0,
  "开放性": 35.5,
  "外向性": 32.0,
  "坚韧": 48.5,
  "力量": 35.0,
  "乐观": 14.0,
  "进取": 13.0,
  "主动": 21.0,
  "求精": 13.0,
  "奉献": 20.0,
  "乐业": 14.0,
  "sbp_pre": 124.5,
  "dbp_pre": 66.0,
  "sbp_post": 125.0,
  "dbp_post": 70.0
}